0004023;CUADRAX*SN* SEMIPLAFON 6L
0004024;CUADRAX*SN* SEMIPLAFON 8L
0771;ZACK * COLGANTE 3L LINEAL
0782;AKIRA*N* LAMPARA 5L
0785;AKIRA*N* PLAFON 4L
0787;AKIRA*N* APLIQUE 2L
0788;AKIRA*N* APLIQUE 3L
0811;***DES*** BALI*CR*G9* COLGANTE 1L
0932;AKIRA*B* LAMPARA 5L
0939;AKIRA*B* SOBREMESA 1L
0950;CUADRAX*CR* SEMIPLAFON 6L
0954;CUADRAX*CR* SOBREMESA 1L
0955;CUADRAX*CR* LAMPARA TELESCOPICA 6L
0961;CUADRAX*CR*OP* SEMIPLAFON 8L
0967;CUADRAX*CR*OP* SEMIPLAFON 4L
0992;CUADRAX*CU* APLIQUE 1L
0993;CUADRAX*CU* APLIQUE 2L
0995;CUADRAX*CU* LAMPARA TELESCOPICA 6L
0997;CUADRAX*CU* SEMIPLAFON 4L
1101;CUADRAX*CU*OP* SEMIPLAFON 8L
1102;CUADRAX*CU*OP* APLIQUE 1L
1104;CUADRAX*CU*OP* SOBREMESA 1L
1106;CUADRAX*CU*OP* LAMPARA TELESCOPICA 8L
1117;CUADRAX*SN*OP* SEMIPLAFON 4L
1132;EVE*CR*CR* SEMIPLAFON 2L OVALADO
1135;EVE*CR*CR* APLIQUE 2L
1137;EVE*CR*CR* SOBREMESA 2L
1138;EVE*CR*CR* SOBREMESA 2L
1139;EVE*CR*CR* PIE DE SALON 2L
1152;EVE*ANT*CR* SEMIPLAFON 2L OVALADO
1155;EVE*ANT*CR* APLIQUE 2L
1158;EVE*ANT*CR* SOBREMESA 2L
1179;EVE*CR*N* PIE DE SALON 2L
1331;***DES***EXTERIOR * SOBREMESA 1L (GOTA) INTERIOR
1392;***DES*** EXTERIOR * SOBREMESA BOLA MEDIANA INTERIOR
1420;ZEN*CR* SEMIPLAFON 4L
1421;ZEN*CR* SEMIPLAFON 6L
1425;ZEN*CR* APLIQUE 2L
1426;ZEN*CR* APLIQUE 1L
1427;ZEN*CR* SOBREMESA 1L
1435;ZEN*CU* APLIQUE 2L
1541;***DES*** ORA*B* LAMPARA 8L
1544;***DES*** ORA*B* APLIQUE 2L
1627;MARA*C* APLIQUE 1L
1650;MARA*CR* SOBREMESA 1L GRANDE
1811;LOOP*NS* LAMPARA 6L
1882; EOS * PLAFON 4L***IP44
1904;NINETTE*CR*BL* APLIQUE 1L
1906;NINETTE*CR*BL* SOBREMESA 2L GRANDE
1909;NINETTE*CR*BL * PLAFON 4L
1915;NINETTE*CR*N* SOBREMESA 1L
1924;NINETTE*CU*B* APLIQUE 1L
1927;NINETTE*CU*B* PIE SALON 4L
1937;NINETTE*CU*B* SOBREMESA 1L GRANDE
3531;PAOLA*PLATA* LAMPARA LINEAL 6L (2 BRAZOS)
3536;PAOLA*PLATA* SOBREMESA 2L
3537;PAOLA*PLATA* APLIQUE 2L
3541;PAOLA*ORO* LAMPARA LINEAL 6L (2 BRAZOS)
3543;PAOLA*ORO* PIE DE SALON 1L
3547;PAOLA*ORO* APLIQUE 2L
3621;MEDIT * LAMPARA 2L MEDIANA
3681;LUA CENIZA * APLIQUE 1L
3689;LUA CENIZA * PIE SALON 2L
3700; LUA *NS* LAMPARA 4L
3703;LUA *NS* SOBREMESA 2L
3705;LUA *NS* SEMIPLAFON 3L
3771;LOOKER * LAMPARA 3L
3773;LOOKER * APLIQUE 1L DOBLE
3863;TIFFANY*CR* APLIQUE 2+2L PEQUEÑO
3943;***DES*** MAREMAGNUM*CR* SEMIPLAFON 4L
4073;***DES*** MAREMAGNUM*CU* SEMIPLAFON 4L
4602;MANTRA CRYSTAL * COLGANTE 7L BOLA
4738;LOEWE CUERO * PIE SALON 3L
4840E;***DES*** ARGENTA E27 * LAMPARA PEQUEÑA 45 CM BLANCO
4841E;***DES*** ARGENTA E27 * LAMPARA PEQUEÑA 45 CM NEGRO
4842E;***DES*** ARGENTA E27 * LAMPARA GRANDE 60 CM BLANCO
4843E;***DES*** ARGENTA E27 * LAMPARA GRANDE 60 CM NEGRO
4848E;***DES*** ARGENTA E27 * PLAFON GRANDE 60 CM NEGRO
4849E;***DES*** ARGENTA E27 * PLAFON PEQUEÑO 45 CM NEGRO
4861; SAHARA * PIE SALON 21W 3000K
4863; SAHARA * APLIQUE 6W 3000K
4866;SAHARA XL * PIE SALON (185 cm)
4946;***DES*** PHUKET *MA* PIE SALON 1L - 3000K
4967E;NORDICA E27 * PLAFON 92 CM NEGRO
4968;NORDICA * PIE SALON 1L (SIN PANTALLA)
4971; VINTAGE * LAMPARA 1L MEDIANA
4972; VINTAGE * LAMPARA 1L GRANDE
4981; NUR PLATA * LAMPARA DOBLE - 3000K
4985; NUR PLATA * APLIQUE - 3000K
4988;KNOT LED * APLIQUE
4989;KNOT LED * PLAFON
4994;KNOT LED* PLAFON DIMMABLE
4995;NUR PLATA * LAMPARA LAZO (DIMABLE) - 3000K
4999;NUR PLATA * PLAFON (DIMABLE) - 3000K
5002;NUR PLATA XL * LAMPARA LAZO 50W - 3000K
5031;NORDICA KIT * KIT LAMPARA NORDICA 43 CM
5032;NORDICA KIT * KIT LAMPARA NORDICA 59 CM
5101;SURF * PLAFON
5140;ORGANICA * LAMPARA REDONDA
5147;ORGANICA * SOBREMESA PEQUEÑA E27
5164;KHALIFA * LAMPARA 5L CIRCULO
5167;***DES*** KHALIFA * COLGANTE 1L (DOBLE)
5215;***DES*** ARGI * APLIQUE 2L
5275;***DES*** LOUISE * PLAFON 3L
5360; NUR FORJA * LAMPARA LAZO 2800K
5365;NUR FORJA * APLIQUE 2800K
5381;INFINITY * LAMPARA GRANDE 60W
5384;INFINITY * COLGANTE PEQUEÑO 30W
5391;INFINITY FORJA * LAMPARA GRANDE 60W - 2800K
5401;SAHARA FORJA * PIE SALON 21W 2800K
5560;VERSAILLES * LAMPARA 103 CM
5561;VERSAILLES * LAMPARA 85 CM
5562;VERSAILLES * LAMPARA 60 CM
5563;VERSAILLES * LAMPARA 54 CM
5707;NUR FORJA * LAMPARA LAZO LARGO (DIMABLE) - 2800K
5716;***DES**CABARETE * APLIQUE GRIS CENIZA  1+1L - 3+3 W - 3000K
5725;INFINITY PLATA DIMABLE * COLGANTE  MEDIANO 50 CM
5726;INFINITY PLATA DIMABLE * COLGANTE GRANDE 75 CM
5772;***DES*** TAKE BRONCE * PLAFON 9W
5796;NISEKO * LAMPARA 65 CM - DIMABLE
5802;SAHARA FORJA XL * PIE SALON 185 CM
5805;NUR FORJA XL * PIE SALON 185 CM - 2800K
5810;INFINITY FORJA DIMABLE * COLGANTE  MEDIANO 50 CM
5811;INFINITY FORJA DIMABLE * COLGANTE GRANDE 71CM
5817;SAHARA FORJA DIMABLE * LAMPARA 36W 2800K (30-150 cm) DIMABLE
5821;NUR PLATA XL * LAMPARA TRIPLE DIMABLE - 3000K
5826;NUR FORJA DIMABLE * LAMPARA LAZO - DIMABLE - 2800K
5832;NUR FORJA XL DIMABLE * LAMPARA TRIPLE - 2800K
5860;ALBORAN * LAMPARA GRANDE
5861;ALBORAN * LAMPARA MEDIANA
5863;ALBORAN * SOBREMESA
5876;MANTA * LAMPARA 24W
5911;AIRE LED * LAMPARA GRANDE 60W - DIMABLE (STAR)
5916;KNOT LED * PLAFON 60W - DIMABLE
5918;AIRE LED * SEMIPLAFON 42W - DIMABLE (STAR)
5925;ARI * PLAFON GRANDE CON MANDO
5946;ZERO SMART * PLAFON SMART 80W 2700K-5000K
5947;ZERO SMART * PLAFON SMART 60W 2700K-5000K
5987;BUCLE * PIE SALON 50W
5990;INFINITY BLANCO DIMABLE * COLGANTE MEDIANO 50 CM - DIMABLE
5990K;INFINITY BLANCO DIMABLE * COLGANTE MEDIANO 50 CM - DIMABLE - 4000K
6000K;NUR BLANCO * LAMPARA LAZO - 4000K
6003K;NUR BLANCO * LAMPARA LAZO LARGO - 4000K
6006;NUR BLANCO XL DIMABLE * LAMPARA LAZO 50W - DIMABLE - 2800K
602;BRANDON * COMFORT GU10 EMPOTRABLE 45º CUADRADO BLANCO
6083;CAYMAN * APLIQUE NEGRO MATE LECTOR LED 3W+6W 3000K
6084;CAYMAN * APLIQUE ORO LECTOR LED 3W+6W 3000K
6087;CAYMAN * APLIQUE RAL 3016 LECTOR LED 3W+6W 3000K
6101;HELIX * PIE SALON LED 42W - 3000K - LATON SATINADO
6108;CORINTO * PIE SALON LED 30W - 3000K - PLATA
6109;CORINTO * SOBREMESA LED 12W - 3000K - PLATA PEQUEÑO
6133;CINTO * APLIQUE LED 12W - 3000K - CROMO MEDIANO
6139;CINTO * APLIQUE LED 12W - 3000K- LATON SATINADO MEDIANO
6144;CINTO * PIE SALON LED 7W - 3000K - CROMO LECTOR
6195;JARRAS * LAMPARA 1L MEDIANA - COÑAC
6200;JARRAS * LAMPARA 1L - PEQUEÑO - CROMO
6208;PAOLA*PLATA* LAMPARA 5L
6243;QUATRO II * PLAFON LED 30 CM PEQUEÑO 5000K
6244;QUATRO II * PLAFON LED 40 CM MEDIANO 5000K
6245;QUATRO II * PLAFON LED 50 CM GRANDE 5000K
6260;ADN * LAMPARA 100W - 3000K
6260_DIM;ADN*6260 DIMMABLE VERSION
6263_DIM;ADN 6263 DIMMABLE VERSION
6294;***DES*** SOPHIE ORO * APLIQUE 2L
6354;***DES*** JAZZ PINTURA ORO * COLGANTE 1L
6381;PARACURU * APLIQUE LED 12W - 3000K  CROMO
6385;PARACURU * APLIQUE LED 18W - 3000K  CUERO
6407;ATLANTIS GU10  IP54 * EMPOTRABLE REDONDO (cristal transp.)
6417_DIM;ADN*NEGRO*LAMPARA 108W-3000K DIMMABLE
6423_DIM;ADN*NEGRO*SEMIPLAFON 72W-3000K DIMMABLE
6426;DAKLA * APLIQUE CUADRADO LED 18W BLANCO
6451;NAXOS * PLAFON REDONDO LED 40W - CONTROL REMOTO
6454;MAR * PLAFON REDONDO LED 24W - CONTROL REMOTO
6455;QUAD * PLAFON CUADRADO LED 50W - CONTROL REMOTO
6456;KRATER * PLAFON REDONDO LED 40W - CONTROL REMOTO
6500;JARRAS * KIT LAMPARA LAMPARA 5L (SOLO BASE)
6571;MADAGASCAR * LAMPARA LED 36W
6640;AREA * PLAFON 7L
6643;AREA * PLAFON 2L
6644;AREA * PLAFON 1L
6800;ARMONIA TITANIO * PIE SALON LED 30W - 3000K - DIMABLE
6850;CYCLE * APLIQUE EXTERIOR LED IP65   - 10W - 3000K
6851;CYCLE * APLIQUE EXTERIOR LED IP65 - 12W - 3000K
6852;CYCLE * SOBREMURO EXTERIOR LED IP65 - 12W - 3000K
6880;NIAGARA * PLAFON  2 BRAZOS
6881;NIAGARA * PLAFON  4 BRAZOS
6890;ADAGGIO TRANSPARENTE * PLAFON 10L
6891;ADAGGIO TRANSPARENTE * PLAFON 8L
6892;ADAGGIO TRANSPARENTE * SOBREMESA
6893;ADAGGIO TRANSPARENTE * SOBREMESA (NUR)
6894;ADAGGIO TRANSPARENTE * PIE SALON
6895;ADAGGIO OPAL * SOBREMESA (NUR)
6896;ADAGGIO OPAL * PIE SALON
7011;BAKER * SEÑALIZADOR CUADRADO 3W 3000K GRIS OSCURO
7016;BAKER * SEÑALIZADOR CUADRADO 6W 3000K BLANCO
7055;BACHELOR * PLAFON/APLIQUE EXTERIOR GRIS OSCURO LED IP65 - 14W - 3000K
7056;BACHELOR * PLAFON/APLIQUE EXTERIOR BLANCO LED IP65 - 14W - 3000K
7060;CHAMONIX * PLAFON/APLIQUE EXTERIOR GRIS OSCURO LED IP65 - 9W - 3000K
7061;CHAMONIX * PLAFON/APLIQUE EXTERIOR BLANCO LED IP65 - 9W -3000K
7062;CHAMONIX * APLIQUE EXTERIOR GRIS OSCURO  LED IP65   - 9W - 3000K
7063;CHAMONIX * APLIQUE EXTERIOR BLANCO  LED IP65 - 9W - 3000K
7065;VERBIER * PLAFON EXTERIOR GRIS OSCURO  IP65 - 2L*E27
7066;VERBIER * APLIQUE EXTERIOR GRIS OSCURO  IP65 - 2L*E27
7070;SOLDEN * APLIQUE EXTERIOR HORIZ. GRIS OSCURO LED IP65 - 9W - 3000K
7071;SOLDEN * APLIQUE EXTERIOR HORIZ.BLANCO  LED IP65 - 9W - 3000K
7072;SOLDEN * APLIQUE EXTERIOR VERT. GRIS OSCURO  LED IP65 - 9W - 3000K
7073;SOLDEN * APLIQUE EXTERIOR VERT.BLANCO  LED IP65 - 9W - 3000K
7081;GUINCHO * MINI EMPOTRABLE LED 3W  2700K NEGRO
7082;GUINCHO * MINI EMPOTRABLE LED 5W  2700K BLANCO
7083;GUINCHO * MINI EMPOTRABLE LED 5W 2700K NEGRO
7085;MERIBEL * SOBREMURO GRAFITO LED SOLAR/SENSOR 3000K
7086;MERIBEL * APLIQUE GRAFITO LED SOLAR/SENSOR 3000K
7087;MERIBEL * APLIQUE GRAFITO LED CAMARA/WIFI/CCT 3000K
7088;CHEVALIER * BOLARDO LED GRAFITO SOLAR/SENSOR 3000K
7090;SAPPORO * FAROL GRAFITO EXTERIOR PORTATIL LED SOLAR 3000K
7091;SAPPORO * FAROL BLANCO EXTERIOR PORTATIL LED SOLAR 3000K
7092;SAPPORO * FAROL GRAFITO EXTERIOR PORTATIL LED SOLAR 3000K
7093;SAPPORO * FAROL BLANCO EXTERIOR PORTATIL LED SOLAR 3000K
7095;KLAPPEN * FAROL BLANCO EXTERIOR PORTATIL LED IP54 3000K
7096;KLAPPEN * FAROL NEGRO EXTERIOR PORTATIL LED IP54 3000K
7098;YETI * APLIQUE GRAFITO LED SOLAR/SENSOR 3000K
7100;K2 * PIE EXTERIOR BLANCO LED PORTATIL IP54 3000K
7101;K2 * PIE EXTERIOR NEGRO LED PORTATIL IP54 3000K
7105;TAOS * BOLARDO LED GRIS 5,3W 3000K
7106;TAOS * BOLARDO LED GRIS 10,2W 3000K
7107;TAOS * LUZ SUELO GRIS GU10
7108;TAOS * APLIQUE EXTERIOR LED 10,2W 3000K GRIS
7109;TAOS * APLIQUE EXTERIOR LED 10,2W 3000K BLANCO
7110;COOK * APLIQUE LED BLANCO 8,1W 3000K
7111;COOK * APLIQUE LED BLANCO 12,6W 3000K
7115;K3 * FAROL NEGRO EXTERIOR PORTATIL LED IP54 3000K
7116;K3 * FAROL BLANCO EXTERIOR PORTATIL LED IP54 3000K
7120;HIMALAYA * VENTILADOR BLANCO 35W PLAFON LED 70W CON MANDO Y APP
7121;HIMALAYA * VENTILADOR NEGRO 35W PLAFON LED 70W CON MANDO Y APP
7122;HIMALAYA * VENTILADOR PLATA 35W PLAFON LED 70W CON MANDO Y APP
7123;TIBET * VENTILADOR BLANCO 35W PLAFON LED 70W CON MANDO Y APP
7124;TIBET * VENTILADOR ORO/NEGRO 35W PLAFON LED 70W CON MANDO Y APP
7125;TIBET * VENTILADOR PLATA 35W PLAFON LED 70W CON MANDO Y APP
7126;TIBET * VENTILADOR MADERA/BLANCO 35W PLAFON LED 70W CON MANDO Y APP
7130;POLINESIA * LAMPARA 60 CM DIAMETRO - IP44
7131;POLINESIA * LAMPARA 30 CM DIAMETRO - IP44
7132;POLINESIA * LAMPARA 18 CM DIAMETRO - IP44
7133;POLINESIA * APLIQUE  - IP44
7134;POLINESIA * SOBREMESA 18 CM DIAMETRO
7135;POLINESIA * SOBREMESA 18 CM DIAMETRO CON BATERIA - IP44
7136;POLINESIA * SOBREMESA 55 CM DIAMETRO - IP44
7137;POLINESIA * SOBREMESA 30 CM DIAMETRO
7138;POLINESIA * PIE SALON 30 CM DIAMETRO - IP44
7140;KITESURF NERGO * LAMPARA 50W
7141;KITESURF NERGO * LAMPARA 48W
7142;KITESURF NERGO * LAMPARA 30W
7143;KITESURF NERGO * LAMPARA 30W
7144;KITESURF NERGO * APLIQUE 8W
7145;KITESURF NERGO * SOBREMESA 8W
7146;KITESURF NERGO * PIE SALON 24W
7150;PLANET * LAMPARA 40W
7151;PLANET * PLAFON 80W
7152;PLANET * PLAFON 40W
7155;BOX * PLAFON 36W
7156;BOX * PLAFON 24W
7157;BOX * APLIQUE 36W
7160;CUBA * LAMPARA 32W
7161;CUBA * LAMPARA 32W LINEA
7162;CUBA * PLAFON 32W
7163;CUBA * APLIQUE 8W
7164;CUBA * SOBREMESA
7170;JUPITER * PLAFON / APLIQUE LED 3000K 18W NEGRO/ORO
7171;LOMBOK * ESTANTERIA LED  6W 3000K NEGRO
7175;DURBAN * APLIQUE LED 10W 3000K NEGRO
7176;DURBAN * APLIQUE LED 20W 3000K NEGRO
7177;DURBAN * APLIQUE LED 30W 3000K NEGRO
7180;LEVI * APLIQUE EXTERIOR R BLANCO IP65 2L*GU10
7181;LEVI * APLIQUE EXTERIOR R GRIS OSCURO IP65 2L*GU10
7182;LEVI * APLIQUE EXTERIOR BLANCO IP65 2L*GU10
7183;LEVI * APLIQUE EXTERIOR GRIS OSCURO IP65 2L*GU10
7184;LEVI * FOCO TECHO EXTERIOR R BLANCO IP65 1L*GU10
7185;LEVI * FOCO TECHO EXTERIOR R GRIS OSCURO IP65 1L*GU10
7186;LEVI * FOCO TECHO EXTERIOR BLANCO IP65 1L*GU10
7187;LEVI * FOCO TECHO EXTERIOR GRIS OSCURO IP65 1L*GU10
7190;KITESURF BLANCO * LAMPARA 50W
7191;KITESURF BLANCO * LAMPARA 48W
7192;KITESURF BLANCO * LAMPARA 30W
7193;KITESURF BLANCO * LAMPARA 30W
7194;KITESURF BLANCO * APLIQUE 8W
7195;KITESURF BLANCO * SOBREMESA 8W
7196;KITESURF BLANCO * PIE SALON 24W
7197;DURBAN * APLIQUE LED 10W 3000K BLANCO
7198;DURBAN * APLIQUE LED 20W 3000K BLANCO
7199;DURBAN * APLIQUE LED 30W 3000K BLANCO
7200;FIJI * FOCO CARRIL 15W 3000K BLANCO
7201;FIJI * FOCO CARRIL 20W 3000K BLANCO
7202;FIJI * FOCO CARRIL 30W 3000K BLANCO
7203;FIJI * FOCO CARRIL 40W 3000K BLANCO
7204;FIJI * FOCO CARRIL 15W 4000K BLANCO
7205;FIJI * FOCO CARRIL 20W 4000K BLANCO
7206;FIJI * FOCO CARRIL 30W 4000K BLANCO
7207;FIJI * FOCO CARRIL 40W 4000K BLANCO
7208;FIJI * FOCO CARRIL 15W 3000K NEGRO
7209;FIJI * FOCO CARRIL 20W 3000K NEGRO
7210;FIJI * FOCO CARRIL 30W 3000K NEGRO
7211;FIJI * FOCO CARRIL 40W 3000K NEGRO
7212;FIJI * FOCO CARRIL 15W 4000K NEGRO
7213;FIJI * FOCO CARRIL 20W 4000K NEGRO
7214;FIJI * FOCO CARRIL 30W 4000K NEGRO
7215;FIJI * FOCO CARRIL 40W 4000K NEGRO
7216;FIJI * OPTICA  15/20W 15º  ( 050K-S )
7217;FIJI * OPTICA  15/20W 24º  ( 050K-M )
7218;FIJI * OPTICA  15/20W 38º  ( 050K-F )
7219;FIJI * OPTICA  30W 15º  ( 069D-S )
7220;FIJI * OPTICA  30W 24º  ( 069D-M )
7221;FIJI * OPTICA 30W 38º  ( 069D-L )
7222;FIJI * OPTICA  40W 15º  ( 075I-S )
7223;FIJI * OPTICA 40W 24º  ( 075I-M )
7224;FIJI * OPTICA  40W 38º  ( 075I-L )
7230;COLLAGE * PLAFON 4 MODULOS NEGRO
7231;COLLAGE * PLAFON 4 MODULOS ORO
7232;COLLAGE * PLAFON 3 MODULOS NEGRO
7233;COLLAGE * PLAFON 3 MODULOS ORO
7234;COLLAGE * PLAFON 2 MODULOS NEGRO
7235;COLLAGE * PLAFON 2 MODULOS ORO
7236;COLLAGE * PLAFON 1 MODULO NEGRO
7237;COLLAGE * PLAFON 1 MODULO ORO
7240;POLAR * APLIQUE/PERCHERO LED BLANCO 6W 3000K
7241;POLAR * APLIQUE/PERCHERO LED NEGRO 6W 3000K
7242;BASKETBALL * APLIQUE CESTA BALONCESTO BLANCO
7243;BASKETBALL * APLIQUE CESTA BALONCESTO NEGRO
7244;BASKETBALL * APLIQUE CESTA BALONCESTO ROJO
7245;BOOK * SOBREMESA LED BLANCO 10W 3000K
7246;BOOK * SOBREMESA LED BLANCO 7W 3000K
7250;CENTIPEDE * SOBREMESA BLANCO
7251;CENTIPEDE * SOBREMESA NEGRO
7252;CENTIPEDE * SOBREMESA ROJO
7253;CENTIPEDE * SOBREMESA AZUL
7254;CENTIPEDE * PIE SALON BLANCO
7255;CENTIPEDE * PIE SALON NEGRO
7256;CENTIPEDE * PIE SALON ROJO
7257;CENTIPEDE * PIE SALON AZUL
7265;TRAZOS * CUADRO ILUMINADO PELICANO
7266;TRAZOS * CUADRO ILUMINADO BISONTE
7267;TRAZOS * CUADRO ILUMINADO CIERVO
7280;MINIMAL * SOBREMESA LED BLANCO
7281;MINIMAL * SOBREMESA LED NEGRO
7282;MINIMAL * PIE SALON LED BLANCO
7283;MINIMAL * PIE SALON LED NEGRO
7285;MINIMAL * SOBREMESA LED ORO
7286;MINIMAL * PIE SALON LED ORO
7287;MINIMAL * SOBREMESA LED SAVIA
7288;MINIMAL * PIE SALON LED SAVIA
7290;CERES * SOBREMESA LED BLANCO 6W 3000K CARGADOR INDUCTION+USB
7291;CERES * SOBREMESA LED NEGRO 6W 3000K CARGADOR INDUCTION+USB
7292;VENUS * APLIQUE/PERCHERO LED BLANCO 6W 3000K
7293;VENUS * APLIQUE/PERCHERO LED NEGRO 6W 3000K
7294;IOS * FOCO/APLIQUE BLANCO 1L*GU10
7295;IOS * FOCO/APLIQUE NEGRO 1L*GU10
7296;ERIS * APLIQUE LED BLANCO  PEQUEÑO  8W 3000K
7297;ERIS * APLIQUE LED NEGRO  PEQUEÑO  8W 3000K
7298;ERIS * APLIQUE LED BLANCO  MEDIANO  16W 3000K
7299;ERIS * APLIQUE LED NEGRO  MEDIANO  16W 3000K
7300;ERIS * APLIQUE LED BLANCO  GRANDE  24W 3000K
7301;ERIS * APLIQUE LED NEGRO  GRANDE  24W 3000K
7305;ORION * COLGANTE LED NEGRO/CUERO  1L*8W 3000K
7306;ORION * COLGANTE LED NEGRO/CUERO  2L*8W 3000K
7307;ORION * COLGANTE LED NEGRO/CUERO  4L*8W 3000K
7310;ANTARES * COLGANTE NEGRO 8W 3000K
7311;ANTARES * COLGANTE NEGRO 24W 3000K
7315;IPSILON * FOCO CARRIL 35W 3000K BLANCO
7316;IPSILON * FOCO CARRIL 35W 4000K BLANCO
7317;IPSILON * FOCO CARRIL 35W 3000K NEGRO
7318;IPSILON * FOCO CARRIL 35W 4000K NEGRO
7319;IPSILON * LENTE   13º  (  ……..)
7320;IPSILON * LENTE   24º  (  ……..)
7321;IPSILON * LENTE   38º  (  ……..)
7322;IPSILON * PANAL DE ABEJA
7330;VECTOR * SOBREMESA LED BLANCO
7331;VECTOR * SOBREMESA LED NEGRO
7332;VECTOR * PIE SALON LED BLANCO
7333;VECTOR * PIE SALON LED NEGRO
7334;VECTOR * SOBREMESA LED ORO
7335;VECTOR * PIE SALON LED ORO
7336;VECTOR * SOBREMESA LED SAVIA
7337;VECTOR * PIE SALON LED SAVIA
C0047;CABRERA * DOWNLIGHT LED 12W - 3000K
C0125;BORA BORA * APLIQUE / PLAFON LED REDONDO BLANCO - 30W 3000K
R00114;MANDO DISTANCIA PARA REF 3694
R00120;MANDO DISTANCIA ROMBOS, ARI, CENTARA, MALE  & STRASS
R00127;MANDO DISTANCIA (NUEVO)  PARA REF 5110 Y 5929
R00129;MANDO PARA SMART SERIE
R00151;DRIVER FOR 5380,4980,4987,4990,5390,5360,5825
R00154;DRIVER FOR 4862 AND 5402
R00163;DRIVER FOR 5574
R00170;DRIVER FOR 5983
R00171;DRIVER 5815 AND 5818
R00173;DRIVER FOR 4989 AND 6035
R00175;DRIVER FOR 5987
R05092-02;CRYSTAL LED REF. 5092 CROSS BAR
R05812-11;INFINITY REF 5812-11 FLANGE
R09121;BOMBILLA LED - E27 ESFERICA MINI - 5W - 5000K - 435Lm
R09202;BOMBILLA LED - G9 - 3,5W - 2700K - 360Lm - 360º
R09216;BOMBILLA LED - GU10 6.5W 60º COB 3000K
R09217;BOMBILLA LED - VINTAGE AMBAR E27 ESFERICA MINI FILAMENTO - 4W - 2200K
R09236;INT___BULB LED GU10 36 ± 6 - 8W - 641 LMS - 3000K
SKB102;CARRILES T * LEVA RAPIDA FIJACION TECHO NEGRA
SKB103;CARRILES T * LEVA RAPIDA FIJACION TECHO BLANCA
SKB122;CARRILES T * LEVA FIJACION TECHO NEGRA
SKB123;CARRILES T * LEVA FIJACION TECHO BLANCA
SPW11SK215;CARRILES T * KIT SUSPENSION CARRIL 1,5M NEGRO
SPW11SK315;CARRILES T * KIT SUSPENSION CARRIL 1,5M BLANCO
TU0298;VIENA * BOLA CRISTAL BLANCA
TU0305;VIENA * PANTALLA CREMA GR. R.0463
TU0353;PAO*O*SIN PLUMA* PANTALLA REF. 0540
TU0355;PAO*O*SIN PLUMA* PANTALLA REF. 0542
TU0414;KROM * CRISTAL OPTICO  (0894-0897-0874-0877)
TU0416;EVE* PANT. BLANCA R. 1130-1150
TU0419;EVE* PANT. BLANCA R. 1133-1153
TU0420;EVE* PANT. BLANCA APLIQUES
TU0435;POP * TAPA PLASTICO PEQUEÑA
TU0436;POP * TAPA PLASTICO PIE SALON
TU0507;NINETTE * PANTALLLA CREMA - REF. 1907 - 1927
TU0509;NINETTE * PANTALLLA NEGRA - REF. 1917
TU0510;NINETTE * PANTALLLA NEGRA - REF. 1912-1918-1919
TU0547;TIFFANY * PANTALLA BLANCA REF. 3855-3861-3857
TU0568;LINE * DIFUSOR BLANCO PARA REF 4845
TU0570;QUATRO * DIFUSOR BLANCO 35 CM REF. 3766 / 3768
TU0579;ZERO * DIFUSOR BLANCO REF. 3673 DIMABLE
TU0588;VINTAGE * CRISTAL REF. 4973
TU0590;VINTAGE * CRISTAL REF. 4975
TU0591;GHERY * TULIPA REF. 5061-5062
TU0592;GHERY * TULIPA REF. 5063
TU0594;NORDICA * PANTALLA BLANCA REF. 4922 - 4924
TU0600;NORDICA * PANTALLA BLANCA REF. 4963
TU0603;NORDICA * PANTALLA NEGRA REF. 4929 - 4968
TU0605;NORDICA * PANTALLA NEGRA REF. 4964
TU0608;NORDICA * PANTALLA NEGRA REF. 4967
TU0611;LOUISE * PANTALLA BLANCA REF. 5280
TU0613;LOUISE * PANTALLA BLANCA REF. 5274 - 5275
TU0615;LOUISE * PLATO CRISTAL
TU0616;LOUISE * ALMENDRA CRISTAL
TU0618;ARGI * PANTALLA ARENA REF. 5215
TU0619;ARGI * PANTALLA ARENA REF. 5218
TU0621;ARGI * PANTALLA ARENA REF. 5219
TU0622;LASCAS*PANTALLA REF 5956
TU0624;ANDREA * PANTALLA TEXTIL PIEL GRANDE
TU0626;SABINA * PANTALLA REF. 6178
TU0629;SABINA * PANTALLA REF. 6181
TU0631;JARRAS * PANTALLA CRISTAL REF 6190
TU0633;JARRAS * PANTALLA CRISTAL REF 6192
TU0634;JARRAS * PANTALLA CRISTAL REF 6193
TU0635;JARRAS * PANTALLA CRISTAL REF 6194
TU0636;JARRAS * PANTALLA CRISTAL REF 6195
TU0637;JARRAS * PANTALLA CRISTAL REF 6196
TU0638;JARRAS * PANTALLA CRISTAL REF 6197
TU0639;JARRAS * PANTALLA CRISTAL REF 6198
TU0640;JARRAS * PANTALLA CRISTAL REF 6199
TU0641;JARRAS * PANTALLA CRISTAL REF 6200
TU0642;JARRAS * PANTALLA CRISTAL REF 6201
TU0647;SABINA * PANTALLA REF. 6410
TU0648;SABINA * PANTALLA REF. 6411
TU0649;SABINA * PANTALLA REF. 6412
TU0650;SABINA * PANTALLA REF. 6413
TU0651;SABINA * PANTALLA REF. 6414
TU0654;LOUISE * PANTALLA REF. 5270-5271-5273-5277-5279
TU0655;LOUISE * PANTALLA REF. 5272-5276-5278
TU0656;LOUISE * PANTALLA REF. 5274-5275
TU0657;LOUISE * PANTALLA REF. 5280
TU0665;POLINESIA * PANTALLA PARA REF 7130
TU0666;POLINESIA * PANTALLA PARA REF 7131-7138-7137
TU0667;POLINESIA * PANTALLA PARA REF 7133
TU0668;POLINESIA * PANTALLA PARA REF 7135
TU0669;POLINESIA * PANTALLA PARA REF 7134-7132
TU0705;NIGARA * CRISTAL 60X43 CL CR
TU0706;NIGARA * CRISTAL 44X47 CL CR
TU0707;NIGARA * CRISTAL 48X20 CL CR
TU0708;NIGARA * CRISTAL 32X15 CL CR
XTS112;CARRILES T * FINAL ALIMENTADOR POLARIDAD DERECHA NEGRO
XTS113;CARRILES T * FINAL ALIMENTADOR POLARIDAD DERECHA BLANCO
XTS122;CARRILES T * FINAL ALIMENTADOR POLARIDAD IZQUIERDA NEGRO
XTS123;CARRILES T * FINAL ALIMENTADOR POLARIDAD IZQUIERDA BLANCO
XTS142;CARRILES T * ALIMENTADOR INTERMEDIO RECTO NEGRO
XTS143;CARRILES T * ALIMENTADOR INTERMEDIO RECTO BLANCO
XTS212;CARRILES T * CONECTOR INTERMEDIO RECTO NEGRO
XTS213;CARRILES T * CONECTOR INTERMEDIO RECTO BLANCO
XTS242;CARRILES T * CONECTOR ESQUINA AJUSTABLE NEGRO
XTS243;CARRILES T * CONECTOR ESQUINA AJUSTABLE BLANCO
XTS342;CARRILES T * CONEXION ALIMENTADOR EN L - POLARIDAD INTERNA NEGRO
XTS343;CARRILES T * CONEXION ALIMENTADOR EN L - POLARIDAD INTERNA BLANCA
XTS352;CARRILES T * CONEXION ALIMENTADOR EN L - POLARIDAD EXTERNA NEGRO
XTS353;CARRILES T * CONEXION ALIMENTADOR EN L - POLARIDAD EXTERNA BLANCA
XTS41002;CARRILES T * CARRIL TRIFASICO SUPERFICIE 1M NEGRO
XTS41003;CARRILES T * CARRIL TRIFASICO SUPERFICIE 1M BLANCO
XTS412;CARRILES T * TAPA FINAL NEGRA
XTS413;CARRILES T * TAPA FINAL BLANCA
XTS42002;CARRILES T * CARRIL TRIFASICO SUPERFICIE 2M NEGRO
XTS42003;CARRILES T * CARRIL TRIFASICO SUPERFICIE 2M BLANCO
XTSF102;CARRILES T * PLACA CUBRIR NEGRA  PARA XTS112/XTS122/XTS142
XTSF103;CARRILES T * PLACA CUBRIR BLANCA  PARA XTS113/XTS123/XTS143
XTSF302;CARRILES T * PLACA CUBRIR NEGRA  PARA XTS342/XTS352
XTSF303;CARRILES T * PLACA CUBRIR BLANCA  PARA XTS343/XTS353
XTSF41002;CARRILES T * CARRIL TRIFASICO EMPOTRAR 1M NEGRO
XTSF41003;CARRILES T * CARRIL TRIFASICO EMPOTRAR 1M BLANCO
XTSF42002;CARRILES T * CARRIL TRIFASICO EMPOTRAR 2M NEGRO
XTSF42003;CARRILES T * CARRIL TRIFASICO EMPOTRAR 2M BLANCO
